conf_thresh,all_P,all_R,all_F1,down_P,down_R,down_F1,down_TP,down_FP,down_FN
0.0500,0.7938,0.9530,0.8661,0.8362,0.9716,0.8988,342.0000,67.0000,10.0000
0.1000,0.8760,0.9530,0.9129,0.8883,0.9716,0.9281,342.0000,43.0000,10.0000
0.1500,0.9024,0.9493,0.9252,0.9096,0.9716,0.9396,342.0000,34.0000,10.0000
0.2000,0.9113,0.9406,0.9257,0.9167,0.9688,0.9420,341.0000,31.0000,11.0000
0.2500,0.9267,0.9381,0.9323,0.9290,0.9659,0.9471,340.0000,26.0000,12.0000
0.3000,0.9357,0.9369,0.9363,0.9366,0.9659,0.9510,340.0000,23.0000,12.0000
0.3500,0.9414,0.9344,0.9379,0.9392,0.9659,0.9524,340.0000,22.0000,12.0000
0.4000,0.9458,0.9295,0.9376,0.9441,0.9602,0.9521,338.0000,20.0000,14.0000
0.4500,0.9539,0.9220,0.9377,0.9493,0.9574,0.9533,337.0000,18.0000,15.0000
0.5000,0.9619,0.9072,0.9338,0.9573,0.9545,0.9559,336.0000,15.0000,16.0000
0.5500,0.9641,0.8973,0.9295,0.9571,0.9517,0.9544,335.0000,15.0000,17.0000
0.6000,0.9701,0.8849,0.9256,0.9624,0.9460,0.9542,333.0000,13.0000,19.0000
0.6500,0.9710,0.8688,0.9170,0.9623,0.9432,0.9527,332.0000,13.0000,20.0000
0.7000,0.9730,0.8465,0.9054,0.9646,0.9290,0.9465,327.0000,12.0000,25.0000
0.7500,0.9715,0.8007,0.8779,0.9637,0.9062,0.9341,319.0000,12.0000,33.0000
0.8000,0.9822,0.6819,0.8050,0.9715,0.8722,0.9192,307.0000,9.0000,45.0000
0.8500,0.9829,0.4257,0.5941,0.9819,0.7727,0.8649,272.0000,5.0000,80.0000
0.9000,1.0000,0.1374,0.2416,1.0000,0.2898,0.4493,102.0000,0.0000,250.0000
0.9500,0.0000,0.0000,0.0000,0.0000,0.0000,0.0000,0.0000,0.0000,352.0000
